title,identifier,content
"Fastest Fashion - Main Area - Three Banners",fastest-default-main-area-threebanners,"<div class=""std"">
	<div class=""row'>

		<div class=""nested-container"">
			<div class=""page-banners clearer"">
                      
					  
					  
					  
					  
					<div class=""left"">
						<a href=""http://www.spreeos.com/""><img src=""http://www.spreeos.com/banners-custom/banner2.jpg"" style=""margin-bottom: 10px;""></a>
					</div>

					<div class=""right""> 
						<a href=""http://www.spreeos.com/""><img src=""http://www.spreeos.com/banners-custom/banner3.jpg""style=""margin-bottom: 10px;""></a>
						<a href=""http://www.spreeos.com/""><img src=""http://www.spreeos.com/banners-custom/banner4.jpg"" style=""margin-bottom: 10px;""></a>
					</div>
					  

<img src=""http://i.imgur.com/hie2xCk.jpg"" />
					  
			</div>
		</div>
	</div>
</div>
				  

















<section class=""home-modern text-center""> 
            <ul class=""clearfix""  >
                <li> <i></i> <span>Handpicked</span>
                </li>
                <li> <i></i> <span> Free Shipping all over India</span>
                </li>
                <li> <i></i> <span>No Hidden Duties & Charges</span>
                </li>
            </ul>
</section>"
"Fastest Fashion - Main Area - New Trend Fashion",fastest-default-main-area-new-trend-fashion,"<div class=""cdz-new-trend-wrap space-base"">
<div class=""cdz-block-title"">
<p class=""b-title h2""><span>New In</span></p>
</div>
<div class=""cdz-block-content"">{{widget type=""filterproducts/codazonfilterproducts"" categories=""123"" orderby=""name"" order=""asc"" limit=""8"" thumb_width=""300"" thumb_height=""369"" use_ajax=""1"" template=""custom"" custom_template=""codazon_filterproducts/home_grid_style01.phtml"" display=""name,image,label,price,rating,description,addtocart_btn,wishlist_btn"" show_nav=""1""}}</div>
</div>"
"Fastest Fashion - Main Area - ",fastest-default-main-area-home-brands-slider,"<h1 style=""color: #25babb; font-family: 'Open Sans', sans-serif; font-size: 24px; font-weight: 300; text-align: center; line-height: 32px; margin: 0 0 14px;"">Welcome to the world of Spreeos!</h1>
<hr />
<p style=""color: #222; font-family: 'Open Sans', sans-serif; font-size: 14px; font-weight: 400; text-align: center; line-height: 24px; margin: 0 0 14px;""><span style=""color: #222222; font-family: 'Open Sans', sans-serif;""><span style=""font-size: 14px;"">At Spreeos, we believe in bringing the world a little closer to you. Add a pep to your lives with the unconventional products that we admire, the coveted things that pass us by, the visually captivating objects and their beautiful forms and functions. We provide a global lifestyle at your doorstep with products that are luxurious to your eye yet easy on your pocket. Challenge your style and discover products that are anything but ordinary and empower you to dress up your lives.</span></span></p>
<p style=""color: #222; font-family: 'Open Sans', sans-serif; font-size: 14px; text-align: center; font-weight: 400; line-height: 24px; margin: 0 0 14px;""><span style=""font-size: 14px; color: #222222; font-family: 'Open Sans', sans-serif;"">Dedicated to creating unique products, we collaborate with artists and manufacturers to deliver products that will make you go WOW. Indulge in purpose-built products, curated by a team of passionate experts for a young, urban, fast-paced and variety </span>driven<span style=""font-size: 14px; color: #222222; font-family: 'Open Sans', sans-serif;""> customer. From clocks, vases, trays, lamps to phone covers, ear plugs, fashion accessories, party supplies and pet accessories, shop online these rare finds from all over the world (Japan, China, Malaysia, Korea, Philippines, Germany and more).</span></p>"
"Fastest Fashion - Main Area - Best Seller",fastest-default-main-area-best-seller,"<div class=""cdz-best-seller-wrap  cdz-best-seller-wrap-hover space-base"">
<div class=""cdz-block-title"">
<p class=""b-title h2""><span>Best Sellers</span></p>
</div>
<div class=""cdz-block-content"">
<div class=""mobile-nav-tab-dropdown visible-xs"" data-target=""#cdz-nav-tabs-best-seller"">For Mens</div>

<div class="" nav-tab-content tab-content"">
<div id=""best-seller-tab-1"" class=""tab-pane fade in active"" data-role=""content"">{{widget type=""filterproducts/codazonfilterproducts"" categories=""123"" orderby=""name"" order=""asc"" limit=""7"" thumb_width=""250"" thumb_height=""308"" use_ajax=""1"" custom_template=""codazon_filterproducts/home_grid_style02.phtml"" display=""name,image,label,price,rating,description,addtocart_btn,wishlist_btn"" show_nav=""1"" uniq_id=""fashion_products_tab_1""}}</div>
<div id=""best-seller-tab-2"" class=""tab-pane fade"" data-role=""content"">{{widget type=""filterproducts/codazonfilterproducts"" categories=""91"" orderby=""name"" order=""asc"" limit=""7"" thumb_width=""250"" thumb_height=""308"" use_ajax=""1"" custom_template=""codazon_filterproducts/home_grid_style02.phtml"" display=""name,image,label,price,rating,description,addtocart_btn,wishlist_btn"" show_nav=""1"" uniq_id=""fashion_products_tab_2""}}</div>
<div id=""best-seller-tab-3"" class=""tab-pane fade"" data-role=""content"">{{widget type=""filterproducts/codazonfilterproducts"" categories=""91"" orderby=""name"" order=""asc"" limit=""7"" thumb_width=""250"" thumb_height=""308"" use_ajax=""1"" custom_template=""codazon_filterproducts/home_grid_style02.phtml"" display=""name,image,label,price,rating,description,addtocart_btn,wishlist_btn"" show_nav=""1"" uniq_id=""fashion_products_tab_3""}}</div>
</div>
</div>
</div>"
"Fastest Fashion - Footer",fastest-default-footer,"<div class=""footer-bottom"">
	<div class=""container"">
		<div class=""row"">
		
		
		
			<div class=""col-sm-8"">
				<div class=""footer-box"">
					
					<div>
						{{block type=""newsletter/subscribe"" template=""newsletter/subscribe.phtml""}}


						<div class=""footer-social"">
							<p class=""h5 visible-xs"">Follow us</p>
							<p class=""social""><a href=""http://www.spreeos.com/""><span class=""fa fa-facebook"">&nbsp;</span></a> <a href=""http://www.spreeos.com/""><span class=""fa fa-twitter"">&nbsp;</span></a> <a href=""http://www.spreeos.com/""><span class=""fa fa-pinterest-p"">&nbsp;</span></a> </p>
						</div>
					</div>
				</div>
			</div>
			
			
			
			<div class=""col-sm-5"">
				<div class=""footer-box"">
					<p class=""h5 cdz-toggle-title"" data-cdz-toggle=""#footer-content-2"">CORPORATE</p>
					<ul id=""footer-content-2"" class=""footer-link"">
						<li><a href=""{{store url='about-us'}}"">About Spreeos</a></li>
						<li><a href=""{{store url='sales/guest/form/""}}"">Minimum Cart Value</a></li>
						<li><a href=""{{store url='contact'}}"">Contact Us</a></li>
						<li class=""last""><a href=""{{store url='privacy-policy-cookie-restriction-mode'}}"">Return Policy</a></li>
					</ul>
				</div>
			</div>
			
			
			
			<div class=""col-sm-5"">
				<div class=""footer-box"">
					<p class=""h5 cdz-toggle-title"" data-cdz-toggle=""#footer-content-3"">Support</p>
					<ul id=""footer-content-3"" class=""footer-link"">
						<li><a href=""http://www.spreeos.com/"">Help</a></li>
						<li><a href=""{{store url='about-us'}}"">Privacy Policy</a></li>
						<li><a href=""{{store url='contacts'}}"">Shipping & Cancellation Policy </a></li>
						<li class=""last""><a href=""{{store url='privacy-policy-cookie-restriction-mode'}}"">Terms & Conditions</a></li>
					</ul>
				</div>
			</div>
			
		
			
			
			
			
			<div class=""col-sm-6 fototer-tags"">
				<div class=""footer-box"">
					<p class=""h5 cdz-toggle-title"" data-cdz-toggle=""#footer-content-4"">Facebook</p>
					<ul id=""footer-content-4"" class=""footer-link"">
					<div id=""fb-root""></div>
<script>(function(d, s, id) {
  var js, fjs = d.getElementsByTagName(s)[0];
  if (d.getElementById(id)) return;
  js = d.createElement(s); js.id = id;
  js.src = ""//connect.facebook.net/en_GB/sdk.js#xfbml=1&version=v2.8"";
  fjs.parentNode.insertBefore(js, fjs);
}(document, 'script', 'facebook-jssdk'));</script>

<div class=""fb-page"" data-href=""https://www.facebook.com/spreeosindia/"" data-small-header=""false"" data-adapt-container-width=""true"" data-hide-cover=""false"" data-show-facepile=""true""><blockquote cite=""https://www.facebook.com/spreeosindia/"" class=""fb-xfbml-parse-ignore""><a href=""https://www.facebook.com/spreeosindia/"">Spreeos</a></blockquote></div>
				
				</div></ul>
			</div>
		</div>
	</div>
</div>
"
"Fastest Fashion - Main Area - Home Blog",fastest-default-main-area-home-blog,"<div class=""cdz-wapper-blog-01 text-center  space-base"">{{widget type=""blogfeatures/codazonblogpostlist"" blog_title=""Latest Blog Posts"" categories=""1"" orderby=""created_time"" order=""desc"" post_count=""6"" desc_length=""150"" use_slider=""1"" thumb_width=""380"" thumb_height=""280"" show_in_front=""post_image,title,short_content,created_time,user""}}</div>"
"Fastest Default - Popup Area - Newsletter Popup",fastest-default-popup-newsletter-popup,"<div class=""cdz-popup-newsletter"">
	<div class=""cdz-popup-newsletter-left"">
		<div class=""popup-banner"">
			<div class=""banner""><a href=""http://www.spreeos.com/""><img class=""img-responsive"" src=""{{media url='wysiwyg/codazon/fastest_fashion/home/banner-newsletter.jpg'}}"" alt=""Banner 01"" /></a></div>
		</div>
	</div>
	<div class=""cdz-popup-newsletter-right"">
		<div class=""popup-title"">
			<h3 class=""text-uppercase""><span>Sign up Newsletter</span></h3>
		</div>
		<div class=""popup-content"">
			<div class=""popup-content-ads"">
				<p class=""popup-content-title h3"">Join YourStore's squad for 20% off</p>
				<p class=""popup-content-desc"">and get all the latest news, trends and offs and offers straight to your inbox. Or get 15% off using code SQUAD15</p>
				<div class=""popup-content-newsletter"">{{block type=""newsletter/subscribe"" template=""newsletter/subscribe.phtml"" suffix=""_popup""}}</div>
				<p class=""popup-content-small"">1 UK only; 2. Offar expiras 23:59(GMT) 10/02/16; 3.</p>
			</div>
		</div>
	</div>
</div>"
"Fastest Fashion - Product Area 01 - Size Chart",fastest-default-product-area01-size-chart,"<button type=""button"" class=""size-chart-btn"" data-toggle=""modal"" data-target=""#size-chart-modal"">Size Chart</button>
<div id=""size-chart-modal"" class=""modal fade"" role=""dialog"">
	<div class=""modal-dialog modal-lg"">
		<!-- Modal content-->
		<div class=""modal-content"">
			<div class=""modal-header"">
				<button type=""button"" class=""close"" data-dismiss=""modal"">&times;</button>
			</div>
			<div class=""modal-body"">
				<div class=""content"">
					<!-- Dynamically Insert Content Here --> <img class=""img-responsive"" src=""http://demandware.edgesuite.net/aavn_prd/on/demandware.static/-/Sites-adriannapapell-Library/default/dw5329bee6/sizeguide.jpg"" alt="""" />
				</div>
			</div>
			<div class=""modal-footer"">
				<button type=""button"" class=""btn btn-default"" data-dismiss=""modal"">OK</button>
			</div>
		</div>
	</div>
</div>
"
"Fastest Fashion - Horizontal Main Menu",fastest-default-horizontal-main-menu,"<div class=""cdz-main-menu cdz-main-menu-horizontal"">
<ul class=""groupmenu"">
<!--<li class=""level0 level-top parent nav-home""><span class=""cdz-menu-toggle"">toggle</span><a class=""menu-link"" href=""{{config path=""web/secure/base_url""}}""><span class="" fa fa-home"">&nbsp;</span><span>Home</span></a></li>-->
<li class=""level0 level-top parent""><span class=""cdz-menu-toggle"">toggle</span><a class=""menu-link"" href=""{{config path=""web/secure/base_url""}}home-lifestyle""><span>Home & Lifestyle</span></a>
<div class=""groupmenu-drop"">
<div class=""groupmenu-drop-content groupmenu-6"" style=""padding-bottom: 60px;"">
<div class=""row"">


<div class=""col-sm-4"">
<div class=""groupdrop-banner space-s""><a href=""http://www.spreeos.com/""><img class=""img-responsive"" alt="""" src=""{{media url=""wysiwyg/codazon/menu/menu-img03.jpg}}"" /></a></div>
<p class=""groupdrop-title"">Décor</p>
<ul class=""groupdrop-link"">
<li class=""item""><a href=""http://www.spreeos.com/"">Clocks</a></li>
<li class=""item""><a href=""http://www.spreeos.com/"">Wall Art & Mirrors</a></li>
<li class=""item""><a href=""http://www.spreeos.com/"">Vases & Curios</a></li>
<li class=""item""><a href=""http://www.spreeos.com/"">Photo Frames</a></li>
<li class=""item""><a href=""http://www.spreeos.com/"">Decorative Crafts</a></li>
<li class=""item""><a href=""http://www.spreeos.com/"">Candles & Lighting</a></li>

</ul>
</div>

<div class=""col-sm-4"">
<div class=""groupdrop-banner space-s""><a href=""http://www.spreeos.com/""><img class=""img-responsive"" alt="""" src=""{{media url=""wysiwyg/codazon/menu/menu-img03.jpg}}"" /></a></div>
<p class=""groupdrop-title"">Organizers</p>
<ul class=""groupdrop-link"">
<li class=""item""><a href=""http://www.spreeos.com/"">Wardrobe</a></li>
<li class=""item""><a href=""http://www.spreeos.com/"">Jewelry & Makeup</a></li>
<li class=""item""><a href=""http://www.spreeos.com/"">Office</a></li>
<li class=""item""><a href=""http://www.spreeos.com/"">Kitchen</a></li>
</ul>
</div>



<div class=""col-sm-4"">
<div class=""groupdrop-banner space-s""><a href=""http://www.spreeos.com/""><img class=""img-responsive"" alt="""" src=""{{media url=""wysiwyg/codazon/menu/menu-img03.jpg}}"" /></a></div>
<p class=""groupdrop-title"">Dining & Kitchen</p>
<ul class=""groupdrop-link"">
<li class=""item""><a href=""http://www.spreeos.com/"">Textiles</a></li>
<li class=""item""><a href=""http://www.spreeos.com/"">Serveware</a></li>
<li class=""item""><a href=""http://www.spreeos.com/"">Bakeware</a></li>
<li class=""item""><a href=""http://www.spreeos.com/"">Drinkware</a></li>
</ul>
<p class=""groupdrop-title"">Bar</p>
<ul class=""groupdrop-link"">
<li class=""item""><a href=""http://www.spreeos.com/"">Serveware</a></li>
<li class=""item""><a href=""http://www.spreeos.com/"">Decoration</a></li>
<li class=""item""><a href=""http://www.spreeos.com/"">Appliances</a></li>


</ul>
</div>


<div class=""col-sm-4"">
<div class=""groupdrop-banner space-s""><a href=""http://www.spreeos.com/""><img class=""img-responsive"" alt="""" src=""{{media url=""wysiwyg/codazon/menu/menu-img03.jpg}}"" /></a></div>
<p class=""groupdrop-title"">Bed & Bath</p>
<ul class=""groupdrop-link"">
<li class=""item""><a href=""http://www.spreeos.com/"">Furnishings</a></li>
<li class=""item""><a href=""http://www.spreeos.com/"">Bath Accessories</a></li>



</ul>
</div>


<div class=""col-sm-4"">
<div class=""groupdrop-banner space-s""><a href=""http://www.spreeos.com/""><img class=""img-responsive"" alt="""" src=""{{media url=""wysiwyg/codazon/menu/menu-img03.jpg}}"" /></a></div>
<p class=""groupdrop-title"">Pet Accessories</p>
<ul class=""groupdrop-link"">
<li class=""item""><a href=""http://www.spreeos.com/"">Collars & Ropes</a></li>
<li class=""item""><a href=""http://www.spreeos.com/"">Trimmers & Combs</a></li>
<li class=""item""><a href=""http://www.spreeos.com/"">Clothing</a></li>
<li class=""item""><a href=""http://www.spreeos.com/"">Teething</a></li>
<li class=""item""><a href=""http://www.spreeos.com/"">Toys</a></li>
<li class=""item""><a href=""http://www.spreeos.com/"">Name Tags</a></li>
<li class=""item""><a href=""http://www.spreeos.com/"">LED Collars</a></li>

</ul>
</div>


<div class=""col-sm-4"">
<div class=""groupdrop-banner space-s""><a href=""http://www.spreeos.com/""><img class=""img-responsive"" alt="""" src=""{{media url=""wysiwyg/codazon/menu/menu-img03.jpg}}"" /></a></div>
<p class=""groupdrop-title"">Safety</p>
<ul class=""groupdrop-link"">
<li class=""item""><a href=""http://www.spreeos.com/"">Bandages</a></li>
<li class=""item""><a href=""http://www.spreeos.com/"">First-aid Kits</a></li>
<li class=""item""><a href=""http://www.spreeos.com/"">Wireless Trackers</a></li>
<li class=""item""><a href=""http://www.spreeos.com/"">Alarms</a></li>
<li class=""item""><a href=""http://www.spreeos.com/"">Baby Monitors</a></li>
<li class=""item""><a href=""http://www.spreeos.com/"">Self-defence</a></li>

</ul>
</div>



</div>
</div>
</div>
</li>




<li class=""level0 level-top parent"">
	<a class=""menu-link"" href=""http://www.spreeos.com/""><span>Gadgets</span></a>
	<div class=""groupmenu-drop"">
		<div class=""groupmenu-drop-content groupmenu-1"">
			<div class=""row"">
				<div class=""col-sm-24"">
					<p class=""groupdrop-title"">Gadgets</p>
					<ul class=""groupdrop-link"">
						<li class=""item""><a href=""http://www.spreeos.com/"">Covers & Screens</a></li>
						<li class=""item""><a href=""http://www.spreeos.com/"">Power Banks</a></li>
						<li class=""item""><a href=""http://www.spreeos.com/"">Arm Bands</a></li>
						<li class=""item""><a href=""http://www.spreeos.com/"">Ear Plugs</a></li>
						<li class=""item""><a href=""http://www.spreeos.com/"">USB Cables</a></li>
						<li class=""item""><a href=""http://www.spreeos.com/"">Stickers & Stands</a></li>
						<li class=""item""><a href=""http://www.spreeos.com/"">Other Accessories</a></li>

					</ul>
				</div>
			</div>
		</div>
	</div>	
</li>



<li class=""level0 level-top parent"">
	<a class=""menu-link"" href=""http://www.spreeos.com/""><span>Party</span></a>
	<div class=""groupmenu-drop"">
		<div class=""groupmenu-drop-content groupmenu-1"">
			<div class=""row"">
				<div class=""col-sm-24"">
					<p class=""groupdrop-title"">Party</p>
					<ul class=""groupdrop-link"">
						<li class=""item""><a href=""http://www.spreeos.com/"">Serveware</a></li>
						<li class=""item""><a href=""http://www.spreeos.com/"">Theme Accessories</a></li>
						<li class=""item""><a href=""http://www.spreeos.com/"">Balloons</a></li>
						<li class=""item""><a href=""http://www.spreeos.com/"">Masks</a></li>
						<li class=""item""><a href=""http://www.spreeos.com/"">Signs</a></li>
						<li class=""item""><a href=""http://www.spreeos.com/"">Props</a></li>
						<li class=""item""><a href=""http://www.spreeos.com/"">LED Accessories</a></li>
						<li class=""item""><a href=""http://www.spreeos.com/"">Portable Speakers</a></li>
						<li class=""item""><a href=""http://www.spreeos.com/"">Games</a></li>

					</ul>
				</div>
			</div>
		</div>
	</div>	
</li>

<li class=""level0 level-top""><a class=""menu-link"" href=""{{config path=""web/secure/base_url""}}""><span>Kids</span></a></li>
<li class=""level0 level-top""><a class=""menu-link"" href=""{{config path=""web/secure/base_url""}}""><span>Fashion Accessories</span></a></li>


<li class=""level0 level-top parent"">
	<a class=""menu-link"" href=""http://www.spreeos.com/""><span>Smart</span></a>
	<div class=""groupmenu-drop"">
		<div class=""groupmenu-drop-content groupmenu-1"">
			<div class=""row"">
				<div class=""col-sm-24"">
					<p class=""groupdrop-title"">Smart</p>
					<ul class=""groupdrop-link"">
						<li class=""item""><a href=""http://www.spreeos.com/"">Health & Sports Accessories</a></li>
						<li class=""item""><a href=""http://www.spreeos.com/"">Sensors</a></li>
						<li class=""item""><a href=""http://www.spreeos.com/"">Touch Switches</a></li>
						<li class=""item""><a href=""http://www.spreeos.com/"">Electric Curtains</a></li>
						<li class=""item""><a href=""http://www.spreeos.com/"">Automation</a></li>
						<li class=""item""><a href=""http://www.spreeos.com/"">CCTV</a></li>
					

					</ul>
				</div>
			</div>
		</div>
	</div>	
</li>






<li class=""level0 level-top""><a class=""menu-link"" href=""{{config path=""web/secure/base_url""}}sale"" style=""background: #f54444;""><span>Sale</span></a></li>
</ul>
</div>"
"Fastest Fashion - Area 01 - Main Slideshow",fastest-default-area-01-main-slideshow,"<div class=""slideshow-banner"">
<div class=""space-base slideshow-main-content"">
<div class=""slideshow-container"">{{widget type=""slideshow/slideshow"" slideshow_id=""fastest-fashion-main-slideshow""}}</div>
</div>
</div>"
"Fastest Default - Product Custom Tab 1",fastest-default-product-custom-tab-1,"Fastest Default - Product Custom Tab 1"
"Fastest Default - Product Custom Tab 2",fastest-default-product-custom-tab-2,"Fastest Default - Product Custom Tab 2"
"Fastest Default - Product Custom Tab 3",fastest-default-product-custom-tab-3,"Fastest Default - Product Custom Tab 3"
"Fastest Fashion - Main Area - Home Brands Slider",fastest-default-main-area-home-brands-slider,"<div class=""cdz-brand-slider-wrap space-base"">
	<div class=""cdz-brand-slider"">
		<div class=""cdz-slider cdz-slider-banners cdz-slider-navigation-icon"" data-items-0=""1"" data-items-320=""3"" data-items-480=""4"" data-items-768=""5""  data-items-1024=""7"" data-items-1280=""7"" data-loop=""true"" data-nav=""true"" data-dots=""false"" data-margin=""20"">
			<div class=""cdz-banners-item""><a href=""http://www.spreeos.com/""><img class=""img-responsive"" src=""{{media url='wysiwyg/codazon/fastest_fashion/home/brands/cdz_brand_01.png'}}"" alt=""cdz_brand_01.jpg"" /></a></div>
			<div class=""cdz-banners-item""><a href=""http://www.spreeos.com/""><img class=""img-responsive"" src=""{{media url='wysiwyg/codazon/fastest_fashion/home/brands/cdz_brand_02.png'}}"" alt=""cdz_brand_02.jpg"" /></a></div>
			<div class=""cdz-banners-item""><a href=""http://www.spreeos.com/""><img class=""img-responsive"" src=""{{media url='wysiwyg/codazon/fastest_fashion/home/brands/cdz_brand_03.png'}}"" alt=""cdz_brand_03.jpg"" /></a></div>
			<div class=""cdz-banners-item""><a href=""http://www.spreeos.com/""><img class=""img-responsive"" src=""{{media url='wysiwyg/codazon/fastest_fashion/home/brands/cdz_brand_05.png'}}"" alt=""cdz_brand_05.jpg"" /></a></div>
			<div class=""cdz-banners-item""><a href=""http://www.spreeos.com/""><img class=""img-responsive"" src=""{{media url='wysiwyg/codazon/fastest_fashion/home/brands/cdz_brand_06.png'}}"" alt=""cdz_brand_06.jpg"" /></a></div>
			<div class=""cdz-banners-item""><a href=""http://www.spreeos.com/""><img class=""img-responsive"" src=""{{media url='wysiwyg/codazon/fastest_fashion/home/brands/cdz_brand_01.png'}}"" alt=""cdz_brand_01.jpg"" /></a></div>
			<div class=""cdz-banners-item""><a href=""http://www.spreeos.com/""><img class=""img-responsive"" src=""{{media url='wysiwyg/codazon/fastest_fashion/home/brands/cdz_brand_02.png'}}"" alt=""cdz_brand_02.jpg"" /></a></div>
			<div class=""cdz-banners-item""><a href=""http://www.spreeos.com/""><img class=""img-responsive"" src=""{{media url='wysiwyg/codazon/fastest_fashion/home/brands/cdz_brand_03.png'}}"" alt=""cdz_brand_03.jpg"" /></a></div>
		</div>
	</div>
</div>"
