title,identifier,slider,parameters,is_active
"Main Slideshow",fastest-fashion-main-slideshow,"{""1"":{""title"":"""",""image"":""slider1--1-.jpg"",""link"":"""",""layer"":{""1"":{""text"":""""}}},""2"":{""title"":"""",""image"":""slider-2.jpg"",""link"":"""",""layer"":{""1"":{""text"":""""}}},""3"":{""title"":"""",""image"":""slider-3.jpg"",""link"":"""",""layer"":{""1"":{""text"":""""}}},""4"":{""type_slider"":""image"",""title"":"""",""link"":"""",""image"":""slider--1-.jpg""}}","{""width"":""1900"",""height"":""730"",""animateIn"":""fadeIn"",""animateOut"":""fadeOut"",""startPosition"":""0"",""autoplay"":""1"",""autoplayHoverPause"":""1"",""autoplaySpeed"":""0"",""smartSpeed"":"""",""lazyLoad"":""0"",""loop"":""1"",""nav"":""1"",""dots"":""1"",""controlNavThumbs"":""0""}",1
"Fastest DrugPharmacy Main Slideshow",fastest-drugpharmacy-main-slideshow,"{""1"":{""title"":""Food Applications"",""image"":""banner1_1.jpg"",""link"":""https:\/\/docs.google.com\/""},""2"":{""title"":""Food for heart"",""image"":""banner2_1.jpg"",""link"":""""},""3"":{""title"":""Vwash Plus"",""image"":""banner3_1.jpg"",""link"":""""}}","{""width"":""880"",""height"":""450"",""animateIn"":""fadeIn"",""animateOut"":""fadeOut"",""startPosition"":""0"",""autoplay"":""1"",""autoplayHoverPause"":""1"",""autoplaySpeed"":""0"",""smartSpeed"":"""",""lazyLoad"":""0"",""loop"":""1"",""nav"":""1"",""dots"":""1"",""controlNavThumbs"":""0""}",1
"Fastest Sportswear Main Slideshow",fastest-sportswear-main-slideshow,"{""1"":{""title"":""Backjack"",""image"":""slideshow1_1.jpg"",""link"":""#""},""2"":{""title"":""Uniqlo Japan"",""image"":""slideshow2.jpg"",""link"":""#""},""3"":{""title"":""Unisex Fashion"",""image"":""slideshow3.jpg"",""link"":""#""}}","{""width"":""880"",""height"":""503"",""animateIn"":""fadeIn"",""animateOut"":""fadeOut"",""startPosition"":""0"",""autoplay"":""0"",""autoplayHoverPause"":""1"",""autoplaySpeed"":""0"",""smartSpeed"":"""",""lazyLoad"":""0"",""loop"":""1"",""nav"":""1"",""dots"":""1"",""controlNavThumbs"":""0""}",1
"Fastest Outdoor Main Slideshow",fastest-outdoor-main-slideshow,"{""1"":{""title"":""Winter Sport"",""image"":""out-slideshow1.jpg"",""link"":""https:\/\/docs.google.com\/""},""2"":{""title"":""Jacket"",""image"":""out-slideshow2.jpg"",""link"":""#""},""3"":{""title"":""Bicycle"",""image"":""out-slideshow3.jpg"",""link"":""#""}}","{""width"":""1200"",""height"":""571"",""animateIn"":""fadeIn"",""animateOut"":""fadeOut"",""startPosition"":""0"",""autoplay"":""1"",""autoplayHoverPause"":""1"",""autoplaySpeed"":""0"",""smartSpeed"":"""",""lazyLoad"":""0"",""loop"":""1"",""nav"":""1"",""dots"":""1"",""controlNavThumbs"":""0""}",1
"Fastest Handbag Main Slideshow",fastest-handbag-main-slideshow,"{""1"":{""title"":""New Handbag Week"",""image"":""handbag-1.jpg"",""link"":""https:\/\/docs.google.com\/""},""2"":{""title"":""Sales 2016"",""image"":""handbag-2.jpg"",""link"":""""},""3"":{""title"":""#Trending Handbag"",""image"":""handbag-3.jpg"",""link"":""""}}","{""width"":""880"",""height"":""480"",""animateIn"":""fadeIn"",""animateOut"":""fadeOut"",""startPosition"":""0"",""autoplay"":""1"",""autoplayHoverPause"":""1"",""autoplaySpeed"":""0"",""smartSpeed"":"""",""lazyLoad"":""0"",""loop"":""1"",""nav"":""1"",""dots"":""1"",""controlNavThumbs"":""0""}",1
"Fastest Fashion Main Slideshow",fastest-fashion-main-slideshow,"{""1"":{""title"":""Backjack"",""image"":""1_1.jpg"",""link"":""https:\/\/docs.google.com\/"",""layer"":{""1"":{""text"":"" \u003Cdiv class=\"slide-caption slide-left\"\u003E\u003Cdiv class=\"text-center\"\u003E\u003Cp class=\"slide-text\"\u003EFjallraven Vintage $360.00\u003C\/p\u003E\r\n\u003Cp class=\"slide-title h1 text-uppercase\"\u003E\u003Cspan\u003EBackPack\u003C\/span\u003E\u003C\/p\u003E\r\n\u003Cp class=\"slide-btn\"\u003E\u003Ca href=\"#\"\u003E\u003Cspan\u003EShopping Now \u003C\/span\u003E\u003C\/a\u003E\u003C\/p\u003E\u003C\/div\u003E\u003C\/div\u003E""}}},""2"":{""title"":""Uniqlo Japan"",""image"":""2.jpg"",""link"":"""",""layer"":{""1"":{""text"":"" \u003Cdiv class=\"slide-caption cls-white\"\u003E\u003Cdiv class=\"text-center\"\u003E\u003Cp class=\"slide-text text-uppercase\"\u003ENew arrivals in this summer*\u003C\/p\u003E\r\n\u003Cp class=\"slide-title h1 text-uppercase cls-white\"\u003E\u003Cspan\u003EUniqlo jackets\u003C\/span\u003E\u003C\/p\u003E\r\n\u003Cp class=\"slide-btn\"\u003E\u003Ca href=\"#\"\u003E\u003Cspan\u003Eshop now\u003C\/span\u003E\u003C\/a\u003E\u003C\/p\u003E\u003C\/div\u003E\u003C\/div\u003E""}}},""3"":{""title"":""Unisex Fashion"",""image"":""3.jpg"",""link"":""#"",""layer"":{""1"":{""text"":"" \u003Cdiv class=\"slide-caption slide-right\"\u003E\u003Cdiv class=\"text-center\"\u003E\u003Cp class=\"slide-text\"\u003EUp to 70% Off\u003C\/p\u003E\r\n\u003Cp class=\"slide-title h1 text-uppercase\"\u003E\u003Cspan\u003ESUMMER SALE\u003C\/span\u003E\u003C\/p\u003E\r\n\u003Cp class=\"slide-btn\"\u003E\u003Ca href=\"#\"\u003E\u003Cspan\u003EGRAB IT NOW\u003C\/span\u003E\u003C\/a\u003E\u003C\/p\u003E\u003C\/div\u003E\u003C\/div\u003E""}}}}","{""width"":""1900"",""height"":""730"",""animateIn"":""fadeIn"",""animateOut"":""fadeOut"",""startPosition"":""0"",""autoplay"":""1"",""autoplayHoverPause"":""1"",""autoplaySpeed"":""0"",""smartSpeed"":"""",""lazyLoad"":""0"",""loop"":""1"",""nav"":""1"",""dots"":""1"",""controlNavThumbs"":""0""}",1
